,amo_id,этап_сделки,бюджет,дата_создания_сделки,sale_date,delivery_price,стоимость_доставки,products,price,subtotal,выручка_от_клиента,направление_(вид_сертификата),code,корневая_сделка,номер_2-го_сертификата,сертификат_на_фотографа,сертификат_на_тренера,статус_погашения,card_used_date,id,prefix,number,prefix_V,card_type,design_type,status,sale_price,expiry_date,created_at,updated_at,deleted_at,supplier_payment_date
81,23500055,Успешно_реализовано,21800.0,2023-01-18 16:44:39,2023-01-18 18:43:00,,,"Прыжок_с_парашютом_(Варианты:_Прыжок_с_инструктором_и_видеосъемка,_Бумажный_или_электронный:_Бумажный)_-_1x21800_=_21800",21800.0,21800.0,21800,Парашюты,SP267323,,,,,Погашен,2023-01-25,,,,,,,,,,,,,
85,23503361,Успешно_реализовано,12795.0,2023-01-19 10:45:43,2023-01-19 10:59:00,450.0,,Универсальный_12345_(Бумажный_или_электронный:_Бумажный)_-_1x12345_=_12345,12795.0,12345.0,12795,Универсальный_Мосвейк_12345,W&F284959,,,,,,,,,,,,,,,,,,,
105,23547341,Успешно_реализовано,22250.0,2023-01-25 00:23:05,2023-01-25 17:57:00,450.0,,"Прыжок_с_парашютом_(Варианты:_Прыжок_с_инструктором_и_видеосъемка,_Бумажный_или_электронный:_Электронный_(высылаем_в_течение_часа))_-_1x21800_=_21800",22250.0,21800.0,22500,Парашюты,SP291000,,,,,,,,,,,,,,,,,,,
223,23672219,Успешно_реализовано,4500.0,2023-02-13 18:39:27,2023-02-14 09:45:00,,,"Полет_на_параплане_(Варианты:_1_полет_с_инструктором_с_воздушным_пилотажем,_Бумажный_или_электронный:_Бумажный)_-_1x4500_=_4500",4500.0,4500.0,4500,Параплан,P1G238229,,,,,,,,,,,,,,,,,,,
239,23691835,Успешно_реализовано,5000.0,2023-02-16 20:33:34,2023-02-17 23:16:00,350.0,,"Полет_на_параплане_(Варианты:_1_полет_с_инструктором_с_воздушным_пилотажем,_Бумажный_или_электронный:_Бумажный)_-_1x4500_=_4500",4850.0,4500.0,5000,Параплан,80688,,,,,,,,,,,,,,,,,,,
495,23871179,Успешно_реализовано,18000.0,2023-03-15 19:21:50,2023-03-15 19:56:00,,,"Прыжок_с_парашютом_(Варианты:_Прыжок_с_инструктором,_Бумажный_или_электронный:_Бумажный)_-_1x18000_=_18000",18000.0,18000.0,18000,Парашюты,S223242,,,,,,,,,,,,,,,,,,,
532,23925027,Успешно_реализовано,12345.0,2023-03-23 13:03:59,2023-03-25 18:52:00,,,Подарочный_сертификат_на_12_345_рублей_-_1x12345_=_12345,12345.0,12345.0,12345,Универсальный_Мосвейк_12345,W&F258319,,,,,Погашен,2023-08-15,,,,,,,,,,,,,
554,23959571,Успешно_реализовано,5600.0,2023-03-28 19:29:43,2023-03-28 22:01:00,,,"Аэротруба_(Варианты:_6_минут_полёта_(для_1-2_человек),_Бумажный_или_электронный:_Электронный_(высылаем_в_течение_часа))_-_1x5600_=_5600",5600.0,5600.0,5600,Аэротруба,VAT37112,,,,,,,,,,,,,,,,,,,
555,23962927,Успешно_реализовано,6000.0,2023-03-29 11:58:03,2023-03-29 12:03:00,,,Подарочный_сертификатна_сап-сёрфинг_(Выберите_тип:_Целый_день_на_двоих_-_6000_руб._)_-_2x6000_=_12000,6000.0,6000.0,6000,САП-сёрф,VSU215131,,,,,Погашен,2023-05-08,,,,,,,,,,,,,
556,23963847,Успешно_реализовано,6000.0,2023-03-29 12:47:10,2023-03-29 13:05:00,0.0,,Подарочный_сертификатв_вейк-парк_(Выберите_тип:_Пакет_старт_на_одного_-_2_000_руб._)_-_3x2000_=_6000,6000.0,6000.0,6000,Вейк-парк,VWP138740,,,,,Погашен,2023-08-18,,,,,,,,,,,,,
557,23963995,Успешно_реализовано,0.0,2023-03-29 13:01:14,2023-03-29 13:01:00,,,,,,,САП-сёрф,VWP123284,23963847,,,,Погашен,2023-10-08,,,,,,,,,,,,,
558,23964015,Успешно_реализовано,0.0,2023-03-29 13:02:24,2023-03-29 13:02:00,,,,,,,САП-сёрф,VWP175936,,,,,Погашен,2023-10-08,,,,,,,,,,,,,
593,24217649,Успешно_реализовано,2000.0,2023-04-05 13:54:40,2023-04-05 14:24:00,0.0,,Подарочный_сертификатна_сап-сёрфинг_(Выберите_тип:_1_час_для_двоих_-_2000_руб._)_-_1x2000_=_2000,2000.0,2000.0,2000,САП-сёрф,29510,,,,,,,,,,,,,,,,,,,
679,24084549,Успешно_реализовано,5700.0,2023-04-15 21:38:45,2023-01-05 16:47:00,500.0,,"катание_на_картинге_(Варианты:_40_минут_катания,_Бумажный_или_электронный:_Бумажный)_-_1x5200_=_5200",5700.0,5200.0,,Картинг,75453,,,,,,,,,,,,,,,,,,,
697,24108631,Успешно_реализовано,22500.0,2023-04-19 12:42:09,2023-04-21 05:36:00,500.0,,"Прыжок_с_парашютом_(Варианты:_Прыжок_с_инструктором_и_видеосъемка,_Бумажный_или_электронный:_Бумажный)_-_1x21800_=_21800",22300.0,21800.0,22500,Парашюты,SP219026,,,,,Погашен,2023-06-27,,,,,,,,,,,,,
726,24133743,Успешно_реализовано,12345.0,2023-04-22 12:47:20,2023-04-22 14:10:00,,,Подарочный_сертификат_на_12_345_рублей_-_1x12345_=_12345,12345.0,12345.0,12345,Универсальный_Мосвейк_12345,W&F261748,,,,,Погашен,2023-08-27,,,,,,,,,,,,,
740,24148027,Успешно_реализовано,18350.0,2023-04-24 20:20:19,2023-04-25 13:18:00,350.0,,"Прыжок_с_парашютом_(Варианты:_Прыжок_с_инструктором,_Бумажный_или_электронный:_Бумажный)_-_1x18000_=_18000",18350.0,18000.0,18350,Парашюты,S289083,,,,,Погашен,2023-03-08,,,,,,,,,,,,,
974,24363039,Успешно_реализовано,12695.0,2023-05-22 17:42:52,2023-05-23 20:07:00,350.0,,Подарочный_сертификат_на_12_345_рублей_-_1x12345_=_12345,12695.0,12345.0,12345,Универсальный_Мосвейк_12345,W&F263006,,,,,,,,,,,,,,,,,,,
1016,24394187,Успешно_реализовано,12345.0,2023-05-25 23:06:29,2023-05-26 18:52:00,0.0,,Подарочный_сертификат_на_12_345_рублей_-_1x12345_=_12345,12345.0,12345.0,12345,Универсальный_Мосвейк_12345,W&F242804,,,,,Погашен,2023-12-08,,,,,,,,,,,,,
1097,24437073,Успешно_реализовано,15945.0,2023-05-31 17:03:11,2023-05-31 19:08:00,0.0,,"Подарочный_сертификатна_вейк_за_катером_(Выберите_тип:_20_минут_Mastercraft_-_3_600_руб._,_Тренер:_Без_тренера)_-_1x3600_=_3600;_
Подарочный_сертификат_на_12_345_рублей_-_1x12345_=_12345",15945.0,15945.0,15945,Универсальный_Мосвейк_12345,W&F264478,,,,,,,,,,,,,,,,,,,
1145,24481193,Успешно_реализовано,18000.0,2023-06-06 14:31:28,2023-10-06 12:09:00,0.0,,"Прыжок_с_парашютом_(Варианты:_Прыжок_с_инструктором,_Бумажный_или_электронный:_Бумажный)_-_1x18000_=_18000",18000.0,18000.0,18000,Парашюты,S267801,,,,,Погашен,2023-03-10,,,,,,,,,,,,,
1224,24560759,Успешно_реализовано,12345.0,2023-06-15 19:52:05,2023-06-14 20:28:00,,,Универсальный_12345_(Бумажный_или_электронный:_Бумажный)_-_1x12345_=_12345,12345.0,12345.0,12345,Универсальный_Мосвейк_12345,W&F84321,,,,,,,,,,,,,,,,,,,
1499,24487700,Успешно_реализовано,18450.0,2023-07-06 10:23:10,2023-10-06 12:16:00,450.0,,"Прыжок_с_парашютом_(Варианты:_Прыжок_с_инструктором,_Бумажный_или_электронный:_Бумажный)_-_1x18000_=_18000",18450.0,18000.0,18450,Парашюты,S295045,,,,,,,,,,,,,,,,,,,
1591,24816735,Успешно_реализовано,0.0,2023-07-15 09:04:30,2023-07-17 12:46:00,,,,,,0,Багги,19529,#24815607,BG_220721,,,,,,,,,,,,,,,,,
1761,24917713,Успешно_реализовано,12795.0,2023-07-27 15:57:20,2023-07-28 18:35:00,450.0,,Подарочный_Сертификат_на_12345_рублей_(Бумажный_или_электронный:_Бумажный)_-_1x12345_=_12345,12795.0,12345.0,12795,Универсальный_Мосвейк_12345,W&F281575,,,,,,,,,,,,,,,,,,,
1858,25034087,Успешно_реализовано,12345.0,2023-08-08 14:46:56,2023-08-08 15:39:00,,,Универсальный_12345_(Бумажный_или_электронный:_Бумажный)_-_1x12345_=_12345,12345.0,12345.0,12345,Универсальный_Мосвейк_12345,W&F239449,,,,,,,,,,,,,,,,,,,
2257,23443209,Успешно_реализовано,0.0,2023-10-01 18:26:42,2023-10-01 18:28:00,,,,,,,САП-сёрф,VSU75738,,,,,,,,,,,,,,,,,,,
2258,23443225,Успешно_реализовано,0.0,2023-10-01 18:29:34,2023-10-01 18:29:00,,,,,,,Вейк-парк,VWP62133,,,,,,,,,,,,,,,,,,,
2275,24259447,Успешно_реализовано,12345.0,2023-10-05 15:44:40,2023-05-13 00:41:00,,,Универсальный_12345_(Бумажный_или_электронный:_Бумажный)_-_1x12345_=_12345,12345.0,12345.0,12345,Универсальный_Мосвейк_12345,W&F271026,,,,,Погашен,2023-09-22,,,,,,,,,,,,,
2554,20077943,Успешно_реализовано,3850.0,2023-12-01 04:11:27,2021-10-16 12:19:00,0.0,,"Полет_на_параплане_(Варианты:_1_полет_с_инструктором,_Бумажный_или_электронный:_Бумажный)_-_1x3500_=_3500",3500.0,3500.0,3850,Параплан,P1232498,,,,,Погашен,2023-07-16,,,,,,,,,,,,,
2555,23454713,Успешно_реализовано,7000.0,2023-12-01 13:21:40,2023-01-13 16:44:00,,,"Полет_на_параплане_(Варианты:_Мини_курс_«Второй_пилот»,_Бумажный_или_электронный:_Бумажный)_-_1x7000_=_7000",7000.0,7000.0,7000,Параплан,P1P255683,,,,,Погашен,2023-06-06,,,,,,,,,,,,,
2558,23456591,Успешно_реализовано,10500.0,2023-12-01 17:38:01,2023-01-14 05:22:00,500.0,,Подарочный_сертификатв_вейк-парк_(Выберите_тип:_Целый_день_на_двоих_-_10_000_руб._)_-_1x10000_=_10000,10500.0,10000.0,10500,Вейк-парк,2WP89087,,,,,,,,,,,,,,,,,,,
2,23596587,Успешно_реализовано,4850.0,2023-01-02 16:02:03,2023-02-02 14:53:00,350.0,,"Полет_на_параплане_(Варианты:_1_полет_с_инструктором_с_воздушным_пилотажем,_Бумажный_или_электронный:_Бумажный)_-_1x4500_=_4500",4850.0,4500.0,4850,Параплан,P1G_259395,,,,,Погашен,2023-09-09,,P1G,259395,P1G,paper,design1,sold_used,4500.0,,,,,2023-09-09
26,24445523,Успешно_реализовано,8450.0,2023-01-06 16:56:58,2023-02-06 19:37:00,450.0,,"Мотокросс_и_Эндуро_(Варианты:_Персональная_тренировка_-_1_или_2_часа,_Бумажный_или_электронный:_Бумажный)_-_1x8000_=_8000",8450.0,8000.0,8450,Мото_Мотокросс,MT2_164020,,,,,Погашен,2023-08-16,,MT2,164020,MT2,paper,design1,sold_used,8000.0,,,,,2023-08-16
65,23462101,Успешно_реализовано,5450.0,2023-01-13 16:31:03,2023-01-14 15:40:00,450.0,,"Фридайвинг_(Варианты:_Индивидуальная_тренировка_для_одного,_Бумажный_или_электронный:_Бумажный)_-_1x5000_=_5000",5450.0,5000.0,5450,Фридайвинг,F1_272111,,,,,,,,F1,272111,F1,paper,design1,,5000.0,,,,,
100,23534385,Успешно_реализовано,5550.0,2023-01-24 09:11:49,2023-01-25 17:58:00,350.0,,"Катание_на_картинге_(Варианты:_40_минут_катания,_Бумажный_или_электронный:_Бумажный)_-_1x5200_=_5200",5550.0,5200.0,5550,Картинг,MT2_116043,,,,,Погашен,2023-05-13,,MT2,116043,MT2,paper,design1,sold_used,5200.0,,,,,2023-05-13
133,23586703,Успешно_реализовано,16450.0,2023-01-31 11:09:39,2023-01-31 17:52:00,450.0,,"Мотокросс_и_Эндуро_(Варианты:_Персональная_тренировка_-_1_или_2_часа,_Бумажный_или_электронный:_Бумажный)_-_2x8000_=_16000",16450.0,16000.0,16450,Мото_Мотокросс,MT2_184809,,,,,Погашен,2023-03-05,,MT2,184809,MT2,paper,design1,sold_used,8000.0,,,,,2023-03-05
134,23588587,Успешно_реализовано,0.0,2023-01-31 14:39:58,2023-01-31 14:40:00,,,,,,,Мото_Мотокросс,MT2_159461,#23586703,,,,Погашен,2023-03-05,,MT2,159461,MT2,paper,design1,sold_used,8000.0,,,,,2023-03-05
137,23400461,Успешно_реализовано,4500.0,2023-02-01 18:01:25,2023-02-01 18:10:00,,,"Полет_на_параплане_(Варианты:_1_полет_с_инструктором_с_воздушным_пилотажем,_Бумажный_или_электронный:_Бумажный)_-_1x4500_=_4500",4500.0,4500.0,4500,Параплан,P1G_251473,,,,,,,,P1G,251473,P1G,paper,design1,,4500.0,,,,,
155,24200349,Успешно_реализовано,8000.0,2023-02-05 13:12:31,2023-03-05 08:17:00,0.0,,"Мотокросс_и_Эндуро_(Варианты:_Персональная_тренировка_-_1_или_2_часа,_Бумажный_или_электронный:_Бумажный)_-_1x8000_=_8000",8000.0,8000.0,8000,Мото_Мотокросс,MT2_110400,,,,,,,,MT2,110400,MT2,paper,design1,,8000.0,,,,,
198,25220183,Успешно_реализовано,7000.0,2023-02-09 11:57:01,2023-02-09 20:28:00,,,"Стендовая_стрельба_по_тарелкам_(Варианты:_70_выстрелов,_Бумажный_или_электронный:_Бумажный)_-_1x7000_=_7000",7000.0,7000.0,7000,Тир._Стендовая_стрельба,SC7_11278,,,,,,,,SC7,11278,SC7,paper,design1,,7000.0,,,,,
215,25492135,Успешно_реализовано,7000.0,2023-02-10 17:09:47,2023-03-10 13:06:00,0.0,,"Стендовая_стрельба_по_тарелкам_(Варианты:_70_выстрелов,_Бумажный_или_электронный:_Бумажный)_-_1x7000_=_7000",7000.0,7000.0,7000,Тир._Стендовая_стрельба,SC7_213733,,,,,,,,SC7,213733,SC7,paper,design1,,7000.0,,,,,
217,25492649,Успешно_реализовано,8000.0,2023-02-10 18:20:34,2023-03-10 13:06:00,,,"Мотокросс_и_Эндуро_(Варианты:_Персональная_тренировка_-_1_или_2_часа,_Бумажный_или_электронный:_Бумажный)_-_1x8000_=_8000",8000.0,8000.0,8000,Мото_Мотокросс,MT2_250136,,,,,,,,MT2,250136,MT2,paper,design1,,8000.0,,,,,
238,23687925,Успешно_реализовано,8350.0,2023-02-16 11:14:24,2023-02-17 13:06:00,350.0,,"Мотокросс_и_Эндуро_(Варианты:_Персональная_тренировка_-_1_или_2_часа,_Бумажный_или_электронный:_Бумажный)_-_1x8000_=_8000",8350.0,8000.0,8350,Мото_Мотокросс,MT2_133760,,,,,Погашен,2023-12-08,,MT2,133760,MT2,paper,design1,sold_used,8000.0,,,,,2023-12-08
247,23700255,Успешно_реализовано,21800.0,2023-02-18 12:45:23,2023-02-21 08:36:00,0.0,,"Прыжок_с_парашютом_(Варианты:_Прыжок_с_инструктором_и_видеосъемка,_Бумажный_или_электронный:_Бумажный)_-_1x21800_=_21800",21800.0,21800.0,21800,Парашюты,SP_297049,,,,,Погашен,2023-06-27,,SP,297049,SP,paper,design1,sold_used,21800.0,,,,,2023-06-27
303,23721275,Успешно_реализовано,44300.0,2023-02-21 20:02:02,2023-02-23 09:34:00,700.0,,"Прыжок_с_парашютом_(Варианты:_Прыжок_с_инструктором_для_двоих_и_видеосъемка,_Бумажный_или_электронный:_Бумажный)_-_1x43600_=_43600",44300.0,43600.0,44300,Парашюты,SP2_261670,,,,,,,,SP2,261670,SP2,paper,design1,,43600.0,,,,,
327,23727021,Успешно_реализовано,22300.0,2023-02-22 17:12:52,2023-02-23 16:17:00,500.0,,"Прыжок_с_парашютом_(Варианты:_Прыжок_с_инструктором_и_видеосъемка,_Бумажный_или_электронный:_Бумажный)_-_1x21800_=_21800",22300.0,21800.0,22300,Парашюты,SP_267413,,,,,,,,SP,267413,SP,paper,design1,,21800.0,,,,,
352,23729673,Успешно_реализовано,18000.0,2023-02-23 11:06:34,2023-02-23 11:14:00,0.0,,"Прыжок_с_парашютом_(Варианты:_Прыжок_с_инструктором,_Бумажный_или_электронный:_Бумажный)_-_1x18000_=_18000",18000.0,18000.0,18000,Парашюты,S_252659,,,,,Погашен,2023-06-20,,S,252659,S,paper,design1,sold_used,18000.0,,,,,2023-06-20
412,23997707,Успешно_реализовано,21800.0,2023-03-04 14:18:35,2023-04-04 16:25:00,,,"Прыжок_с_парашютом_(Варианты:_Прыжок_с_инструктором_и_видеосъемка,_Бумажный_или_электронный:_Бумажный)_-_1x21800_=_21800",21800.0,21800.0,21800,Парашюты,SP_248509,,,,,,,,SP,248509,SP,paper,design1,,21800.0,,,,,
420,24207627,Успешно_реализовано,22500.0,2023-03-05 13:43:04,2023-04-05 16:28:00,,,"Прыжок_с_парашютом_(Варианты:_Прыжок_с_инструктором_и_видеосъемка,_Бумажный_или_электронный:_Бумажный)_-_1x22500_=_22500",22500.0,22500.0,22500,Парашюты,SP_279692,,,,,,,,SP,279692,SP,paper,design1,,22500.0,,,,,
455,24717855,Успешно_реализовано,6950.0,2023-03-07 20:51:29,2023-05-07 09:35:00,450.0,,"Полет_на_параплане_(Варианты:_2_полета_с_инструктором_(для_двоих),_Бумажный_или_электронный:_Бумажный)_-_1x6500_=_6500",6950.0,6500.0,6950,Параплан,P2_288392,,,,,,,,P2,288392,P2,paper,design1,,6500.0,,,,,
525,23918277,Успешно_реализовано,7700.0,2023-03-22 14:57:34,2023-03-25 10:04:00,700.0,,"Полет_на_параплане_(Варианты:_Мини_курс_«Второй_пилот»,_Бумажный_или_электронный:_Бумажный)_-_1x7000_=_7000",7700.0,7000.0,7700,Параплан,P1P_257415,,,,,Погашен,2023-06-14,,P1P,257415,P1P,paper,design1,sold_used,7000.0,,,,,2023-06-14
547,23943287,Успешно_реализовано,3500.0,2023-03-26 19:15:24,2023-03-26 19:19:00,,,"Полет_на_параплане_(Варианты:_1_полет_с_инструктором,_Бумажный_или_электронный:_Бумажный)_-_1x3500_=_3500",3500.0,3500.0,3500,Параплан,P1_250424,,,,,,,,P1,250424,P1,paper,design1,,3500.0,,,,,
587,24218595,Успешно_реализовано,4850.0,2023-04-05 10:29:24,2023-04-05 16:31:00,350.0,,"Полет_на_параплане_(Варианты:_1_полет_с_инструктором_с_воздушным_пилотажем,_Бумажный_или_электронный:_Бумажный)_-_1x4500_=_4500",4850.0,4500.0,4850,Параплан,P1G_273933,,,,,,,,P1G,273933,P1G,paper,design1,,4500.0,,,,,
623,24728487,Успешно_реализовано,3500.0,2023-04-07 22:17:09,2023-05-07 22:04:00,,,"Полет_на_параплане_(Варианты:_1_полет_с_инструктором,_Бумажный_или_электронный:_Бумажный)_-_1x3500_=_3500",3500.0,3500.0,3500,Параплан,P1_2265799,,,,,,,,P1,2265799,P1,paper,design1,,3500.0,,,,,
640,25229195,Успешно_реализовано,3950.0,2023-04-09 10:18:41,2023-06-09 20:08:00,0.0,,"Полет_на_параплане_(Варианты:_1_полет_с_инструктором,_Бумажный_или_электронный:_Бумажный)_-_1x3500_=_3500",3500.0,3500.0,3950,Параплан,P1_295200,,,,,,,,P1,295200,P1,paper,design1,,3500.0,,,,,
682,24088395,Успешно_реализовано,12400.0,2023-04-16 20:02:43,2023-04-16 20:16:00,,,"Подарочный_сертификатна_водные_лыжи_(Выберите_тип:_1_час_аренды_-_Mastercraft/Tige/Nautique_-_10_000_руб._,_Тренер:_1_час_с_тренером)_-_1x12400_=_12400",12400.0,12400.0,12400,Водные_лыжи,SKIN60_156264,,,,TR212535,,,,SKIN60,156264,SKIN60,paper,design1,,0.0,,,,,
743,23855583,Успешно_реализовано,36000.0,2023-04-25 09:55:38,2023-04-26 19:09:00,,,"Прыжок_с_парашютом_(Варианты:_Прыжок_с_инструктором_для_двоих,_Бумажный_или_электронный:_Бумажный)_-_1x36000_=_36000",36000.0,36000.0,36000,Парашюты,S2_262353,,,,,Погашен,2023-06-20,,S2,262353,S2,paper,design1,sold_used,36000.0,,,,,2023-06-20
752,24162895,Успешно_реализовано,23000.0,2023-04-26 19:18:30,2023-04-27 00:03:00,500.0,,"Прыжок_с_парашютом_(Варианты:_Прыжок_с_инструктором_и_видеосъемка,_Бумажный_или_электронный:_Бумажный)_-_1x22500_=_22500",23000.0,22500.0,23000,Парашюты,SP_254752,,,,,,,,SP,254752,SP,paper,design1,,22500.0,,,,,
759,24171688,Успешно_реализовано,8000.0,2023-04-27 22:38:51,2023-04-28 21:01:00,350.0,,"Мотокросс_и_Эндуро_(Варианты:_Персональная_тренировка_-_1_или_2_часа,_Бумажный_или_электронный:_Бумажный)_-_1x8000_=_8000",8350.0,8000.0,8000,Мото_Мотокросс,MT2_153588,,,,,,,,MT2,153588,MT2,paper,design1,,8000.0,,,,,
761,24170570,Успешно_реализовано,3500.0,2023-04-28 08:08:44,2023-04-27 21:40:00,,,"Вейк_в_бассейне_(Варианты:_Start_Up,_Бумажный_или_электронный:_Бумажный)_-_1x3500_=_3500",3500.0,3500.0,3500,Вейк-парк_крытый,GR1X1_011556,,,,,,,,GR1X1,011556,GR1X1,paper,design1,,3500.0,,,,,
768,24180006,Успешно_реализовано,3500.0,2023-04-28 21:48:14,2023-04-29 19:24:00,,,"Полет_на_параплане_(Варианты:_1_полет_с_инструктором,_Бумажный_или_электронный:_Бумажный)_-_1x3500_=_3500",3500.0,3500.0,3500,Параплан,P1_295122,,,,,Погашен,2023-07-18,,P1,295122,P1,paper,design1,sold_used,3500.0,,,,,2023-07-18
789,23803433,Успешно_реализовано,0.0,2023-05-03 21:33:40,2023-05-03 21:35:00,,,,,,,Параплан,P1G_262074,#23787591,,,,Погашен,2023-07-21,,P1G,262074,P1G,paper,design1,sold_used,4500.0,,,,,2023-07-21
807,24470939,Успешно_реализовано,6500.0,2023-05-06 13:25:10,2023-05-06 14:57:00,0.0,,"Полет_на_параплане_(Варианты:_2_полета_с_инструктором_(для_двоих),_Бумажный_или_электронный:_Бумажный)_-_1x6500_=_6500",6500.0,6500.0,6500,Параплан,P2_232319,,VPP2_3222707DIS,,,,,,P2,232319,P2,paper,design1,,6500.0,,,,,
856,25240819,Успешно_реализовано,36450.0,2023-05-09 18:00:31,2023-09-19 19:56:00,450.0,,"Прыжок_с_парашютом_(Варианты:_Прыжок_с_инструктором_для_двоих,_Бумажный_или_электронный:_Бумажный)_-_1x36000_=_36000",36450.0,36000.0,36000,Парашюты,S2_251592,,,,,,,,S2,251592,S2,paper,design1,,36000.0,,,,,
874,24292405,Успешно_реализовано,45350.0,2023-05-13 20:50:04,2023-05-15 19:33:00,350.0,,"Прыжок_с_парашютом_(Варианты:_Прыжок_с_инструктором_и_видеосъемка,_Бумажный_или_электронный:_Бумажный)_-_2x22500_=_45000",45350.0,45000.0,45350,Парашюты,SP_294733,,,,,Погашен,2023-06-27,,SP,294733,SP,paper,design1,sold_used,21800.0,,,,,2023-06-27
876,24295849,Успешно_реализовано,0.0,2023-05-14 15:06:48,2023-05-14 15:08:00,,,,,,,Парашюты,SP_223869,24292405,,,,Погашен,2023-06-27,,SP,223869,SP,paper,design1,sold_used,21800.0,,,,,2023-06-27
906,24320507,Успешно_реализовано,8000.0,2023-05-17 10:42:31,2023-05-19 13:41:00,0.0,,"Мотокросс_и_Эндуро_(Варианты:_Персональная_тренировка_-_1_или_2_часа,_Бумажный_или_электронный:_Бумажный)_-_1x8000_=_8000",8000.0,8000.0,8000,Мото_Мотокросс,MT2_157322,,,,,,,,MT2,157322,MT2,paper,design1,,8000.0,,,,,
915,24334601,Успешно_реализовано,36400.0,2023-05-18 09:56:09,2023-05-19 16:03:00,500.0,,"Прыжок_с_парашютом_(Варианты:_Программа_«Знакомство_с_небом»,_Бумажный_или_электронный:_Бумажный)_-_1x36400_=_36400",36900.0,36400.0,36400,Парашюты,ST_249293,,,,,Погашен,2023-08-24,,ST,249293,ST,paper,design1,sold_used,36400.0,,,,,2023-08-24
920,24338157,Успешно_реализовано,8500.0,2023-05-18 17:59:46,2023-05-18 18:40:00,,,"Полет_на_параплане_(Варианты:_Полет_с_инструктором_с_воздушным_пилотажем_для_двоих,_Бумажный_или_электронный:_Бумажный)_-_1x8500_=_8500",8500.0,8500.0,8500,Параплан,P2G_244659,,,,,Погашен,2023-11-07,,P2G,244659,P2G,paper,design1,sold_used,8500.0,,,,,2023-11-07
934,24346325,Успешно_реализовано,5000.0,2023-05-19 22:03:59,2023-05-20 14:35:00,500.0,,"Полет_на_параплане_(Варианты:_1_полет_с_инструктором_с_воздушным_пилотажем,_Бумажный_или_электронный:_Бумажный)_-_1x4500_=_4500",5000.0,4500.0,5000,Параплан,P1G_284469,,,,,,,,P1G,284469,P1G,paper,design1,,4500.0,,,,,
998,24384409,Успешно_реализовано,8000.0,2023-05-24 15:53:28,2023-05-26 18:51:00,,,"Мотокросс_и_Эндуро_(Варианты:_Персональная_тренировка_-_1_или_2_часа,_Бумажный_или_электронный:_Бумажный)_-_1x8000_=_8000",8000.0,8000.0,8000,Мото_Мотокросс,MT2_132372,,,,,Погашен,2023-07-10,,MT2,132372,MT2,paper,design1,sold_used,8000.0,,,,,2023-07-10
1070,24417825,Успешно_реализовано,8000.0,2023-05-29 17:32:18,2023-05-31 17:54:00,0.0,,"Мотокросс_и_Эндуро_(Варианты:_Персональная_тренировка_-_1_или_2_часа,_Бумажный_или_электронный:_Бумажный)_-_1x8000_=_8000",8000.0,8000.0,8000,Мото_Мотокросс,MT2_119979,,,,,Погашен,2023-09-21,,MT2,119979,MT2,paper,design1,sold_used,8000.0,,,,,2023-09-21
1080,24429971,Успешно_реализовано,8450.0,2023-05-30 20:38:59,2023-05-31 18:15:00,450.0,,"Мотокросс_и_Эндуро_(Варианты:_Персональная_тренировка_-_1_или_2_часа,_Бумажный_или_электронный:_Бумажный)_-_1x8000_=_8000",8450.0,8000.0,8450,Мото_Мотокросс,MT2_134589,,,,,Погашен,2023-10-08,,MT2,134589,MT2,paper,design1,sold_used,8000.0,,,,,2023-10-08
1082,24430983,Успешно_реализовано,5100.0,2023-05-31 06:07:31,2023-05-31 17:48:00,600.0,,"Полет_на_параплане_(Варианты:_1_полет_с_инструктором_с_воздушным_пилотажем,_Бумажный_или_электронный:_Бумажный)_-_1x4500_=_4500",5100.0,4500.0,5100,Параплан,P1G_216041,,,,,Погашен,2023-09-24,,P1G,216041,P1G,paper,design1,sold_used,4500.0,,,,,2023-09-24
1122,24020499,Успешно_реализовано,16000.0,2023-06-04 12:49:36,2023-06-04 15:50:00,,,"Полет_на_параплане_(Варианты:_Курс_«Первый_сам»,_Бумажный_или_электронный:_Бумажный)_-_1x16000_=_16000",16000.0,16000.0,16000,Параплан,PS_273504,,,,,,,,PS,273504,PS,paper,design1,,16000.0,,,,,
1134,24237543,Успешно_реализовано,22500.0,2023-06-05 14:53:08,2023-07-05 16:07:00,,,"Прыжок_с_парашютом_(Варианты:_Прыжок_с_инструктором_и_видеосъемка,_Бумажный_или_электронный:_Бумажный)_-_1x22500_=_22500",22500.0,22500.0,22500,Парашюты,SP_257474,,,,,,,,SP,257474,SP,paper,design1,,22500.0,,,,,
1136,24238873,Успешно_реализовано,36000.0,2023-06-05 19:53:18,2023-11-05 16:05:00,,,"Прыжок_с_парашютом_(Варианты:_Прыжок_с_инструктором_для_двоих,_Бумажный_или_электронный:_Бумажный)_-_1x36000_=_36000",36000.0,36000.0,36000,Парашюты,S2_242676,,,,,,,,S2,242676,S2,paper,design1,,36000.0,,,,,
1162,24742863,Успешно_реализовано,6800.0,2023-06-07 17:10:17,2023-10-07 16:00:00,0.0,,"Подарочный_сертификатна_вейк_за_катером_(Выберите_тип:_30_минут_Mastercraft_-_5_300_руб._,_Тренер:_30_минут_с_тренером)_-_1x6800_=_6800",6800.0,6800.0,6800,Вейксёрф_и_вейк_за_катером,WS30T_015033,,,,,,,,WS30T,015033,WS30T,paper,design1,,6800.0,,,,,
1173,25242983,Успешно_реализовано,8000.0,2023-06-09 08:53:01,2023-08-09 12:59:00,0.0,,"Мотокросс_и_Эндуро_(Варианты:_Персональная_тренировка_-_1_или_2_часа,_Бумажный_или_электронный:_Бумажный)_-_1x8000_=_8000",8000.0,8000.0,8000,Мото_Мотокросс,MT2_234909,,,,,Погашен,2023-08-10,,MT2,234909,MT2,paper,design1,sold_used,8000.0,,,,,2023-08-10
1216,24570999,Успешно_реализовано,5500.0,2023-06-15 14:42:49,2023-06-15 15:54:00,0.0,,"Вейк_за_катером_(Варианты:_30_минут_Mastercraft,_Бумажный_или_электронный:_Электронный_(высылаем_в_течение_часа),_Тренер:_Без_тренера)_-_1x5500_=_5500",5500.0,5500.0,5500,Вейксёрф_и_вейк_за_катером,WVS30_3342064,,,,,,,,WVS30,3342064,WVS30,paper,design1,,5500.0,,,,,
1238,24579679,Успешно_реализовано,20000.0,2023-06-16 17:13:41,2023-06-17 14:22:00,,,"Прыжок_с_парашютом_(Варианты:_Прыжок_с_инструктором,_Бумажный_или_электронный:_Бумажный)_-_1x20000_=_20000",20000.0,20000.0,20000,Парашюты,S_239266,,,,,Погашен,2023-04-09,,S,239266,S,paper,design1,sold_used,20000.0,,,,,2023-04-09
1248,24580533,Успешно_реализовано,9150.0,2023-06-16 19:11:24,2023-06-20 19:14:00,0.0,,"Полет_на_параплане_(Варианты:_Полет_с_инструктором_с_воздушным_пилотажем_для_двоих,_Бумажный_или_электронный:_Бумажный)_-_1x8500_=_8500",8500.0,8500.0,9150,Параплан,P2G_228874,,,,,,,,P2G,228874,P2G,paper,design1,,8500.0,,,,,
1269,24586831,Успешно_реализовано,3950.0,2023-06-18 11:28:30,2023-06-19 17:38:00,450.0,,"Полет_на_параплане_(Варианты:_1_полет_с_инструктором,_Бумажный_или_электронный:_Бумажный)_-_1x3500_=_3500",3950.0,3500.0,3950,Параплан,P1_217554,,,,,,,,P1,217554,P1,paper,design1,,3500.0,,,,,
1287,24595813,Успешно_реализовано,3500.0,2023-06-19 16:14:22,2023-06-20 18:05:00,0.0,,"Полет_на_параплане_(Варианты:_1_полет_с_инструктором,_Бумажный_или_электронный:_Бумажный)_-_1x3500_=_3500",3500.0,3500.0,3500,Параплан,P1_267802,,,,,Погашен,2023-07-23,,P1,267802,P1,paper,design1,sold_used,3500.0,,,,,2023-07-23
1301,24602387,Успешно_реализовано,3500.0,2023-06-20 13:25:02,2023-06-21 23:00:00,,,"Полет_на_параплане_(Варианты:_1_полет_с_инструктором,_Бумажный_или_электронный:_Бумажный)_-_1x3500_=_3500",3500.0,3500.0,3500,Параплан,P1_249821,,,,,Погашен,2023-07-16,,P1,249821,P1,paper,design1,sold_used,3500.0,,,,,2023-07-16
1302,24722323,Успешно_реализовано,3500.0,2023-06-20 13:49:06,2023-04-07 13:06:00,,,"Полет_на_параплане_(Варианты:_1_полет_с_инструктором,_Бумажный_или_электронный:_Бумажный)_-_1x3500_=_3500",3500.0,3500.0,3500,Параплан,P1_279243,,,,,Погашен,2023-07-16,,P1,279243,P1,paper,design1,sold_used,3500.0,,,,,2023-07-16
1329,24618253,Успешно_реализовано,8450.0,2023-06-22 08:44:04,2023-06-24 10:17:00,450.0,,"Мотокросс_и_Эндуро_(Варианты:_Персональная_тренировка_-_1_или_2_часа,_Бумажный_или_электронный:_Бумажный)_-_1x8000_=_8000",8450.0,8000.0,8450,Мото_Мотокросс,MT2_134137,,,,,,,,MT2,134137,MT2,paper,design1,,8000.0,,,,,
1353,24633293,Успешно_реализовано,3500.0,2023-06-23 14:28:57,2023-06-25 12:27:00,0.0,,"Полет_на_параплане_(Варианты:_1_полет_с_инструктором,_Бумажный_или_электронный:_Бумажный)_-_1x3500_=_3500",3500.0,3500.0,3500,Параплан,P1_241827,,,,,Погашен,2023-08-14,,P1,241827,P1,paper,design1,sold_used,3500.0,,,,,2023-08-14
1357,24635545,Успешно_реализовано,20450.0,2023-06-23 16:52:41,2023-06-27 00:35:00,450.0,,"Прыжок_с_парашютом_(Варианты:_Прыжок_с_инструктором,_Бумажный_или_электронный:_Бумажный)_-_1x20000_=_20000",20450.0,20000.0,20450,Парашюты,S_239977,,,,,Погашен,2023-03-10,,S,239977,S,paper,design1,sold_used,20000.0,,,,,2023-03-10
1384,24646143,Успешно_реализовано,12450.0,2023-06-25 13:37:06,2023-03-07 09:52:00,,,"Заезд_на_Дрифт_Трайке_(Варианты:_Заезд_40_минут_на_двоих,_Бумажный_или_электронный:_Бумажный)_-_1x12000_=_12000",12000.0,12000.0,12450,Мото_Дрифт-трайк,DT240_298073,,,,,,,,DT240,298073,DT240,paper,design1,,12000.0,,,,,
1436,24676049,Успешно_реализовано,8000.0,2023-06-29 12:06:05,2023-01-07 10:58:00,0.0,,"Мотокросс_и_Эндуро_(Варианты:_Персональная_тренировка_-_1_или_2_часа,_Бумажный_или_электронный:_Бумажный)_-_1x8000_=_8000",8000.0,8000.0,8000,Мото_Мотокросс,MT2_187035,,,,,Погашен,2023-12-08,,MT2,187035,MT2,paper,design1,sold_used,8000.0,,,,,2023-12-08
1549,25256543,Успешно_реализовано,20000.0,2023-07-09 14:19:27,2023-08-09 12:59:00,,,"Прыжок_с_парашютом_(Варианты:_Прыжок_с_инструктором,_Бумажный_или_электронный:_Бумажный)_-_1x20000_=_20000",20000.0,20000.0,20000,Парашюты,S_256950,,,,,Погашен,2023-09-15,,S,256950,S,paper,design1,sold_used,20000.0,,,,,2023-09-15
1639,24832147,Успешно_реализовано,8450.0,2023-07-17 16:03:04,2023-07-20 15:59:00,450.0,,"Мотокросс_и_Эндуро_(Варианты:_Персональная_тренировка_-_1_или_2_часа,_Бумажный_или_электронный:_Бумажный)_-_1x8000_=_8000",8450.0,8000.0,8450,Мото_Мотокросс,MT2_213097,,,,,,,,MT2,213097,MT2,paper,design1,,8000.0,,,,,
1680,24864753,Успешно_реализовано,14450.0,2023-07-20 19:26:27,2023-07-27 23:48:00,450.0,,"Мотокросс_и_Эндуро_(Варианты:_Персональная_тренировка_-_1_или_2_часа,_Бумажный_или_электронный:_Бумажный)_-_1x8000_=_8000;_
Заезд_на_Дрифт_Трайке_(Варианты:_Заезд_40_минут_на_одного,_Бумажный_или_электронный:_Бумажный)_-_1x6000_=_6000",14450.0,14000.0,14450,Мото_Мотокросс,MT2_246506,,,,,Погашен,2023-06-10,,MT2,246506,MT2,paper,design1,sold_used,8000.0,,,,,2023-06-10
1689,24869285,Успешно_реализовано,4500.0,2023-07-21 14:31:06,2023-07-25 18:54:00,0.0,,"Полет_на_параплане_(Варианты:_1_полет_с_инструктором_с_воздушным_пилотажем,_Бумажный_или_электронный:_Бумажный)_-_1x4500_=_4500",4500.0,4500.0,4500,Параплан,P2G_280747,,,,,,,,P2G,280747,P2G,paper,design1,,4500.0,,,,,
1721,24887781,Успешно_реализовано,20600.0,2023-07-24 13:53:16,2023-07-25 12:08:00,600.0,,"Прыжок_с_парашютом_(Варианты:_Прыжок_с_инструктором,_Бумажный_или_электронный:_Бумажный)_-_1x20000_=_20000",20600.0,20000.0,20600,Парашюты,S_270658,,,,,,,,S,270658,S,paper,design1,,20000.0,,,,,
1742,24907967,Успешно_реализовано,20000.0,2023-07-26 13:42:36,2023-07-27 11:29:00,0.0,,"Прыжок_с_парашютом_(Варианты:_Прыжок_с_инструктором,_Бумажный_или_электронный:_Бумажный)_-_1x20000_=_20000",20000.0,20000.0,20000,Парашюты,S_271298,,,,,Погашен,2023-10-18,,S,271298,S,paper,design1,sold_used,20000.0,,,,,2023-10-18
1773,24929171,Успешно_реализовано,37000.0,2023-07-28 16:07:02,2023-07-28 20:58:00,600.0,,"Прыжок_с_парашютом_(Варианты:_Программа_«Знакомство_с_небом»,_Бумажный_или_электронный:_Бумажный)_-_1x36400_=_36400",37000.0,36400.0,37000,Парашюты,S2_270165,,,,,,,,S2,270165,S2,paper,design1,,36400.0,,,,,
1802,24957679,Успешно_реализовано,7000.0,2023-07-31 15:32:13,2023-01-08 12:37:00,0.0,,"Полет_на_параплане_(Варианты:_Мини_курс_«Второй_пилот»,_Бумажный_или_электронный:_Бумажный)_-_1x7000_=_7000",7000.0,7000.0,7000,Параплан,P1P_258678,,,,,Погашен,2023-09-24,,P1P,258678,P1P,paper,design1,sold_used,7000.0,,,,,2023-09-24
1815,24032107,Успешно_реализовано,9000.0,2023-08-04 01:36:15,2023-09-04 15:43:00,,,"Мотокросс_и_Эндуро_(Варианты:_Персональная_тренировка_-_1_или_2_часа,_Бумажный_или_электронный:_Бумажный)_-_1x8000_=_8000",8000.0,8000.0,9000,Мото_Мотокросс,MT2_171952,,,,,,,,MT2,171952,MT2,paper,design1,,8000.0,,,,,
1821,24243357,Успешно_реализовано,6500.0,2023-08-05 18:21:18,2023-07-05 19:27:00,,,"Полет_на_параплане_(Варианты:_2_полета_с_инструктором_(для_двоих),_Бумажный_или_электронный:_Бумажный)_-_1x6500_=_6500",6500.0,6500.0,6500,Параплан,P2_271268,,,,,,,,P2,271268,P2,paper,design1,,6500.0,,,,,
1982,25129475,Успешно_реализовано,4100.0,2023-08-21 16:53:11,2023-08-21 20:31:00,600.0,,"Полет_на_параплане_(Варианты:_1_полет_с_инструктором,_Бумажный_или_электронный:_Бумажный)_-_1x3500_=_3500",4100.0,3500.0,4100,Параплан,P1_243458,,,,,,,,P1,243458,P1,paper,design1,,3500.0,,,,,
1994,25146621,Успешно_реализовано,8450.0,2023-08-23 12:20:46,2023-08-26 15:13:00,450.0,,"Мотокросс_и_Эндуро_(Варианты:_Персональная_тренировка_-_1_или_2_часа,_Бумажный_или_электронный:_Бумажный)_-_1x8000_=_8000",8450.0,8000.0,8450,Мото_Мотокросс,MT2_235005,,,,,,,,MT2,235005,MT2,paper,design1,,8000.0,,,,,
2092,24253453,Успешно_реализовано,18350.0,2023-09-05 20:46:12,2023-11-05 11:16:00,350.0,,"Прыжок_с_парашютом_(Варианты:_Прыжок_с_инструктором,_Бумажный_или_электронный:_Бумажный)_-_1x18000_=_18000",18350.0,18000.0,18350,Парашюты,S_229627,,,,,,,,S,229627,S,paper,design1,,18000.0,,,,,
2150,25269783,Успешно_реализовано,0.0,2023-09-09 15:57:03,2023-12-09 14:16:00,,,,,,,Параплан,P1P_274453,#25269385,,,,,,,P1P,274453,P1P,paper,design1,,7000.0,,,,,
2171,25309063,Успешно_реализовано,8000.0,2023-09-14 11:37:36,2023-09-19 19:57:00,0.0,,"Мотокросс_и_Эндуро_(Варианты:_Персональная_тренировка_-_1_или_2_часа,_Бумажный_или_электронный:_Бумажный)_-_1x8000_=_8000",8000.0,8000.0,8000,Мото_Мотокросс,MT2_239255,,,,,,,,MT2,239255,MT2,paper,design1,,8000.0,,,,,
2188,25333629,Успешно_реализовано,3950.0,2023-09-17 14:09:54,2023-09-19 19:58:00,450.0,,"Полет_на_параплане_(Варианты:_1_полет_с_инструктором,_Бумажный_или_электронный:_Бумажный)_-_1x3500_=_3500",3950.0,3500.0,3950,Параплан,P1_266985,,,,,,,,P1,266985,P1,paper,design1,,3500.0,,,,,
2192,25343971,Успешно_реализовано,25450.0,2023-09-18 17:33:49,2023-09-18 18:30:00,450.0,,"Прыжок_с_парашютом_(Варианты:_Прыжок_с_инструктором_и_видеосъемка,_Бумажный_или_электронный:_Бумажный)_-_1x25000_=_25000",25450.0,25000.0,25450,Парашюты,SC_(SKV)_163041,,,,,,,,SC,(SKV),SC,paper,design1,,25000.0,,,,,
2194,25348855,Успешно_реализовано,20450.0,2023-09-19 11:45:57,2023-09-20 17:36:00,450.0,,"Прыжок_с_парашютом_(Варианты:_Прыжок_с_инструктором,_Бумажный_или_электронный:_Бумажный)_-_1x20000_=_20000",20450.0,20000.0,20450,Парашюты,S_299876,,,,,,,,S,299876,S,paper,design1,,20000.0,,,,,
2214,25381175,Успешно_реализовано,8600.0,2023-09-22 19:20:38,2023-09-25 20:49:00,600.0,,"Мотокросс_и_Эндуро_(Варианты:_Персональная_тренировка_-_1_или_2_часа,_Бумажный_или_электронный:_Бумажный)_-_1x8000_=_8000",8600.0,8000.0,8600,Мото_Мотокросс,MT2_262776,,,,,,,,MT2,262776,MT2,paper,design1,,8000.0,,,,,
2265,23655279,Успешно_реализовано,5000.0,2023-10-02 17:14:54,2023-02-16 16:53:00,,,"Фридайвинг_(Варианты:_Индивидуальная_тренировка_для_одного,_Бумажный_или_электронный:_Бумажный)_-_1x5000_=_5000",5000.0,5000.0,5000,Фридайвинг,F1_285299,,,,,,,,F1,285299,F1,paper,design1,,5000.0,,,,,
2269,24048193,Успешно_реализовано,21800.0,2023-10-04 17:11:57,2023-10-04 18:07:00,0.0,,"Прыжок_с_парашютом_(Варианты:_Прыжок_с_инструктором_и_видеосъемка,_Бумажный_или_электронный:_Бумажный)_-_1x21800_=_21800",21800.0,21800.0,21800,Парашюты,SP_267443,,,,,Погашен,2023-09-06,,SP,267443,SP,paper,design1,sold_used,21800.0,,,,,2023-09-06
2274,24198426,Успешно_реализовано,36400.0,2023-10-05 14:57:02,2023-05-13 11:08:00,350.0,,"Прыжок_с_парашютом_(Варианты:_Программа_«Знакомство_с_небом»,_Бумажный_или_электронный:_Бумажный)_-_1x36400_=_36400",36750.0,36400.0,36400,Парашюты,ST_255112,,,,,Погашен,2023-08-17,,ST,255112,ST,paper,design1,sold_used,36400.0,,,,,2023-08-17
2283,24529985,Успешно_реализовано,4500.0,2023-10-06 02:17:12,2023-10-06 14:43:00,,,"Полет_на_параплане_(Варианты:_1_полет_с_инструктором,_Бумажный_или_электронный:_Бумажный)_-_1x3500_=_3500",3500.0,3500.0,4500,Параплан,P1G_292925,,,,,,,,P1G,292925,P1G,paper,design1,,3500.0,,,,,
2330,25054307,Успешно_реализовано,4100.0,2023-10-08 19:57:25,2023-12-08 14:53:00,600.0,,"Полет_на_параплане_(Варианты:_1_полет_с_инструктором,_Бумажный_или_электронный:_Бумажный)_-_1x3500_=_3500",4100.0,3500.0,4100,Параплан,P1_267866,,,,,,,,P1,267866,P1,paper,design1,,3500.0,,,,,
2336,25274579,Успешно_реализовано,12000.0,2023-10-09 17:46:57,2023-10-09 18:23:00,0.0,,"Заезд_на_Дрифт_Трайке_(Варианты:_Заезд_40_минут_на_двоих,_Бумажный_или_электронный:_Бумажный)_-_1x12000_=_12000",12000.0,12000.0,12000,Мото_Дрифт-трайк,DT240_4117020,,,,,Погашен,2023-09-23,,DT240,4117020,DT240,paper,design1,sold_used,12000.0,,,,,2023-09-23
2339,25570745,Успешно_реализовано,8000.0,2023-10-10 13:15:39,2023-11-10 14:41:00,0.0,,"Мотокросс_и_Эндуро_(Варианты:_Персональная_тренировка_-_1_или_2_часа,_Бумажный_или_электронный:_Бумажный)_-_1x8000_=_8000",8000.0,8000.0,8000,Мото_Мотокросс,MT2_256383,,,,,,,,MT2,256383,MT2,paper,design1,,8000.0,,,,,
2377,25752281,Успешно_реализовано,50600.0,2023-10-21 16:22:17,2023-10-23 17:25:00,600.0,,"Прыжок_с_парашютом_(Варианты:_Прыжок_с_инструктором_для_двоих_и_видеосъемка,_Бумажный_или_электронный:_Бумажный)_-_1x50000_=_50000",50600.0,50000.0,50600,Парашюты,SP2_216673,,,,,,,,SP2,216673,SP2,paper,design1,,50000.0,,,,,
2382,22023447,Успешно_реализовано,5600.0,2023-10-23 20:15:23,2022-06-19 23:24:00,600.0,,"Фридайвинг_(Варианты:_Индивидуальная_тренировка_для_одного,_Бумажный_или_электронный:_Бумажный)_-_1x5000_=_5000",5600.0,5000.0,5600,Фридайвинг,F1_258067,,,,,,,,F1,258067,F1,paper,design1,,5000.0,,,,,
2405,25833061,Успешно_реализовано,50000.0,2023-10-29 12:48:19,2023-10-29 23:00:00,,,"Прыжок_с_парашютом_(Варианты:_Прыжок_с_инструктором_для_двоих_и_видеосъемка,_Бумажный_или_электронный:_Бумажный)_-_1x50000_=_50000",50000.0,50000.0,50000,Парашюты,SP2_298320,,,,,Погашен,2023-03-11,,SP2,298320,SP2,paper,design1,sold_used,50000.0,,,,,2023-03-11
2423,24052371,Успешно_реализовано,8000.0,2023-11-04 10:58:46,2023-04-13 15:23:00,0.0,,"Мотокросс_и_Эндуро_(Варианты:_Персональная_тренировка_-_1_или_2_часа,_Бумажный_или_электронный:_Бумажный)_-_1x8000_=_8000",8000.0,8000.0,8000,Мото_Мотокросс,MT2_147363,,,,,Погашен,2023-09-16,,MT2,147363,MT2,paper,design1,sold_used,8000.0,,,,,2023-09-16
2424,24053071,Успешно_реализовано,7200.0,2023-11-04 12:11:22,2023-04-13 16:32:00,700.0,,"Роупджампинг_(Варианты:_Прыжок_в_тандеме,_Бумажный_или_электронный:_Бумажный)_-_1x7500_=_7500",8200.0,7500.0,7200,Параплан,P2_267209,,,,,Погашен,2023-11-10,,P2,267209,P2,paper,design1,sold_used,7500.0,,,,,2023-11-10
2450,24790463,Успешно_реализовано,13000.0,2023-11-07 20:52:31,2023-07-14 10:52:00,,,"Флайборд_(Варианты:_30_минут,_Бумажный_или_электронный:_Бумажный)_-_2x6500_=_13000",13000.0,13000.0,13000,Флайборд_/_Ховерборд_/_Ранец,MF_20974,,,,,,,,MF,20974,MF,paper,design1,,0.0,,,,,
2451,24790553,Успешно_реализовано,0.0,2023-11-07 21:16:07,2023-07-14 10:52:00,,,,,,0,Флайборд_/_Ховерборд_/_Ранец,MF_89692,#24790463,,,,,,,MF,89692,MF,paper,design1,,0.0,,,,,
2454,25055469,Успешно_реализовано,20000.0,2023-11-08 02:00:54,2023-08-13 09:38:00,,,"Прыжок_с_парашютом_(Варианты:_Прыжок_с_инструктором,_Бумажный_или_электронный:_Бумажный)_-_1x20000_=_20000",20000.0,20000.0,20000,Парашюты,S_273417,,,,,,,,S,273417,S,paper,design1,,20000.0,,,,,
2455,25055471,Успешно_реализовано,20000.0,2023-11-08 02:04:25,2023-08-13 09:38:00,0.0,,"Прыжок_с_парашютом_(Варианты:_Прыжок_с_инструктором,_Бумажный_или_электронный:_Бумажный)_-_1x20000_=_20000",20000.0,20000.0,20000,Парашюты,S_260019,,,,,,,,S,260019,S,paper,design1,,20000.0,,,,,
2458,25057319,Успешно_реализовано,7600.0,2023-11-08 10:59:58,2023-12-08 14:08:00,600.0,,"Полет_на_параплане_(Варианты:_Мини_курс_«Второй_пилот»,_Бумажный_или_электронный:_Бумажный)_-_1x7000_=_7000",7600.0,7000.0,7600,Параплан,P1P_230256,,,,,,,,P1P,230256,P1P,paper,design1,,7000.0,,,,,
2463,25061353,Успешно_реализовано,9000.0,2023-11-08 19:07:04,2023-12-08 14:29:00,,,"Заезд_на_Дрифт_Трайке_(Варианты:_Заезд_30_минут_на_двоих,_Бумажный_или_электронный:_Бумажный)_-_1x9000_=_9000",9000.0,9000.0,9000,Мото_Дрифт-трайк,DT230_288316,,,,,,,,DT230,288316,DT230,paper,design1,,9000.0,,,,,
2502,26032165,Успешно_реализовано,7000.0,2023-11-17 17:30:06,2023-11-18 17:58:00,0.0,,"Полет_на_параплане_(Варианты:_Мини_курс_«Второй_пилот»,_Бумажный_или_электронный:_Бумажный)_-_1x7000_=_7000",7000.0,7000.0,7000,Параплан,P1P_253229,,,,,,,,P1P,253229,P1P,paper,design1,,7000.0,,,,,
2560,23663335,Успешно_реализовано,8350.0,2023-12-02 10:22:07,2023-02-14 06:11:00,350.0,,"Мотокросс_и_Эндуро_(Варианты:_Персональная_тренировка_-_1_или_2_часа,_Бумажный_или_электронный:_Бумажный)_-_1x8000_=_8000",8350.0,8000.0,8350,Мото_Мотокросс,MT2_143947,,,,,Погашен,2023-03-03,,MT2,143947,MT2,paper,design1,sold_used,8000.0,,,,,2023-03-03
2581,24287127,Успешно_реализовано,4500.0,2023-12-05 18:23:25,2023-05-16 13:53:00,0.0,,"Полет_на_параплане_(Варианты:_1_полет_с_инструктором_с_воздушным_пилотажем,_Бумажный_или_электронный:_Бумажный)_-_1x4500_=_4500",4500.0,4500.0,4850,Параплан,P1G_257083,,,,,,,,P1G,257083,P1G,paper,design1,,4500.0,,,,,
2636,24124551,,,2023-04-20 19:16:41,2023-04-20 20:30:00,,,,,,,,'+_5ШТ,,,,,,,,'+,5ШТ,'+,paper,design1,,,,,,,
2681,24592667,,,2023-06-19 11:16:56,2023-06-20 18:04:00,,,,,,,,НЕТ_БУМАЖНОГО,,,,,,,,HET,БУМАЖНОГО,HET,paper,design1,,,,,,,
2770,25045555,,,2023-09-08 21:50:27,2023-11-08 09:20:00,,,,,,,,TR2Х_031444,,,,,,,,TR2X,031444,TR2X,paper,design1,,,,,,,
